Party Name,Code
Aadhyashkti,4
Aashapura Glow,5
Ab Enterprise,113
Ab Glow Sighn,6
Acrylic Art,1
Acrylic Point,7
Ad Hub,8
Adee Sighn,9
Adhe Dhaval Motavarachha,100
Ae Dsign,10
Alfa Creative Hub,11
Alkyn Design,12
Amit Krishana Graphics,15
Aqua,87
Art Bari,106
Bansi Publicity,13
Bhadresh Rangoli,112
Bhagat Krisha Natural Ice Cream,14
Bharat Offsate,89
Callisto,88
Creative Sign,16
D3 Graphics,17
Darkline,90
Dev Imagine,80
Dholakiya Art,18
Dm Gra,107
Dreamscape,19
Ds Univers,20
Eco Machine Beyond Imagine Prints,21
Elegant Art,23
Four Pillar,24
Ganesh Printing Hub,109
Ganesh Publicity,25
Ganesh Redium,26
Gaurav Pramukh Decore,27
Genius Film,102
Gopinath Graphics,95
Growstar,28
Guru Sign Power,29
Harat Yogichowk,101
Hari Pesting,86
Hi Speed Graphics,30
Hi Tech,31
Hindustan Design Studio,108
Insite Adv,77
Insite Advts,32
Instawings,92
Khodiyaar Gra Varachha,33
Khodiyaar Krupa,34
Krishna Gra Sopati,35
Kuber Publicity,2
Lezer,103
Maa Graphics,36
Madhav Art,3
Mahadev Publicity,37
Maruti Mota Varchha,38
Mayur Geb,116
Milanbhai Red 7 Theme,93
Mindscape,39
Momin Smart Printing,40
Nani,115
New Diya Creation,84
Nisarg Graphics,81
Nu Tech,98
Om Baner,41
Om Graphics Rajesh,42
Panchi Publicity,43
Patel Graphics,117
Pixel Publicity,44
Power Graphics,45
Pramukh Sighn,47
Pratik Pesting,85
Print Point,48
Priy Graphics,49
Px Acrylic,50
Radhe Glow Sign Jignesh,114
Radhe Vivan Katargam,51
Ram Graphics,52
Reflex Glow Sign,94
Retro Publicity,53
Riddhi Digital Kadodara,54
Ridhi Kamrej,118
Rj Digital,55
Ronak Graphics,56
Royal Sighn,82
Rp Simada,57
Rudrax Gra,58
Sachin Patel,59
Sandip Khodiyaar Gra,60
Sardar Graphics,91
Satnam Glowsign,61
Shamla Creation,62
Shree Hari Kamrej,63
Shreeji Glowsign Jakatnaka,64
Shreeji Yogichowk,65
Shyam Digital Nana Varachha,97
Silver Advts,66
Sneh Digital,67
Solvant Machine,22
Surat Sign,68
Tarunbhai,69
The Dark Gra,70
Udbhav,71
Varni Graphics Bhagat,72
Varni Printing Press,73
Veera Glow Sign,74
Village Publicity,75
Vinayak Publicity,76
Vinubhai Paladiya,110
Vr Publicity,83
Vyas Suresh,99
Zs Studio,78
elegent art,123
gavtam cmyk,135
shyam Digital,97
